user_id,created_at,country
1,2023-02-27,AU
2,2023-01-13,DE
3,2023-05-21,UK
4,2023-05-06,DE
5,2023-04-25,DE
6,2023-03-13,CA
7,2023-02-22,UK
8,2023-10-07,UK
9,2023-02-14,UK
10,2023-08-05,DE
11,2023-01-17,AU
12,2023-01-16,UK
13,2023-02-17,DE
14,2023-04-22,CA
15,2023-04-30,AU
16,2023-09-16,CA
17,2023-01-14,AU
18,2023-10-15,DE
19,2023-04-12,US
20,2023-10-07,AU
21,2023-08-03,CA
22,2023-04-23,DE
23,2023-08-18,AU
24,2023-05-23,US
25,2023-01-04,US
26,2023-03-23,UK
27,2023-08-05,UK
28,2023-06-24,CA
29,2023-05-23,AU
30,2023-03-21,AU
31,2023-04-21,UK
32,2023-06-22,AU
33,2023-02-22,AU
34,2023-02-17,US
35,2023-07-14,UK
36,2023-02-19,DE
37,2023-07-03,UK
38,2023-06-26,DE
39,2023-05-16,US
40,2023-01-23,CA
41,2023-08-24,AU
42,2023-10-02,US
43,2023-03-05,AU
44,2023-07-13,CA
45,2023-02-10,CA
46,2023-10-10,US
47,2023-05-31,CA
48,2023-07-05,DE
49,2023-10-23,CA
50,2023-04-09,AU
51,2023-02-05,AU
52,2023-01-24,AU
53,2023-04-27,AU
54,2023-05-29,DE
55,2023-02-10,UK
56,2023-04-30,US
57,2023-02-21,AU
58,2023-07-14,CA
59,2023-05-23,AU
60,2023-08-21,CA
61,2023-07-06,CA
62,2023-03-25,AU
63,2023-07-09,DE
64,2023-07-01,CA
65,2023-04-18,CA
66,2023-05-17,AU
67,2023-02-06,CA
68,2023-03-29,CA
69,2023-10-01,AU
70,2023-05-06,AU
71,2023-03-25,US
72,2023-08-25,DE
73,2023-07-14,DE
74,2023-05-19,CA
75,2023-10-13,DE
76,2023-04-23,CA
77,2023-06-16,US
78,2023-01-29,AU
79,2023-04-28,AU
80,2023-01-17,AU
81,2023-06-11,DE
82,2023-07-25,US
83,2023-05-18,DE
84,2023-02-03,DE
85,2023-04-19,US
86,2023-10-18,US
87,2023-06-11,US
88,2023-04-19,US
89,2023-09-13,AU
90,2023-07-22,UK
91,2023-08-23,UK
92,2023-03-15,US
93,2023-05-16,UK
94,2023-03-13,UK
95,2023-05-07,US
96,2023-10-15,UK
97,2023-10-03,DE
98,2023-05-15,CA
99,2023-10-27,CA
100,2023-08-08,US
101,2023-10-26,AU
102,2023-07-24,US
103,2023-07-05,AU
104,2023-04-23,CA
105,2023-03-12,US
106,2023-09-18,DE
107,2023-09-10,UK
108,2023-02-16,AU
109,2023-01-25,UK
110,2023-02-26,UK
111,2023-03-20,US
112,2023-03-23,UK
113,2023-08-05,DE
114,2023-02-02,UK
115,2023-07-17,US
116,2023-07-15,DE
117,2023-08-28,CA
118,2023-09-28,UK
119,2023-05-09,US
120,2023-10-11,CA
121,2023-01-06,CA
122,2023-02-28,AU
123,2023-10-02,DE
124,2023-05-17,UK
125,2023-06-24,US
126,2023-02-27,AU
127,2023-05-31,DE
128,2023-08-11,AU
129,2023-03-22,DE
130,2023-08-21,DE
131,2023-01-02,UK
132,2023-05-15,DE
133,2023-09-14,AU
134,2023-04-02,DE
135,2023-09-17,UK
136,2023-02-24,UK
137,2023-06-02,AU
138,2023-09-17,CA
139,2023-04-12,CA
140,2023-03-20,DE
141,2023-07-11,US
142,2023-03-24,DE
143,2023-10-04,AU
144,2023-09-29,AU
145,2023-01-01,AU
146,2023-06-15,AU
147,2023-09-08,AU
148,2023-01-10,UK
149,2023-02-27,CA
150,2023-07-05,AU
151,2023-06-07,US
152,2023-05-03,US
153,2023-01-30,US
154,2023-05-04,US
155,2023-10-18,UK
156,2023-02-10,US
157,2023-02-13,AU
158,2023-09-06,DE
159,2023-02-05,US
160,2023-09-30,UK
161,2023-03-06,UK
162,2023-03-07,US
163,2023-09-01,DE
164,2023-10-09,US
165,2023-03-26,UK
166,2023-05-16,CA
167,2023-09-28,AU
168,2023-08-05,UK
169,2023-04-19,US
170,2023-10-04,AU
171,2023-04-13,US
172,2023-06-09,US
173,2023-07-24,CA
174,2023-07-11,AU
175,2023-08-13,AU
176,2023-09-22,CA
177,2023-08-20,UK
178,2023-03-03,US
179,2023-05-07,DE
180,2023-04-26,US
181,2023-02-02,US
182,2023-06-23,UK
183,2023-01-11,US
184,2023-10-11,CA
185,2023-04-28,CA
186,2023-04-23,AU
187,2023-01-04,DE
188,2023-02-06,US
189,2023-01-31,US
190,2023-04-28,UK
191,2023-02-04,CA
192,2023-01-17,DE
193,2023-06-19,AU
194,2023-02-06,CA
195,2023-09-21,AU
196,2023-05-02,UK
197,2023-05-23,UK
198,2023-09-06,US
199,2023-04-20,DE
200,2023-10-04,AU
201,2023-03-09,CA
202,2023-10-20,UK
203,2023-10-23,US
204,2023-08-31,US
205,2023-05-05,AU
206,2023-08-31,UK
207,2023-07-28,DE
208,2023-04-08,UK
209,2023-02-18,AU
210,2023-02-19,AU
211,2023-08-09,UK
212,2023-07-01,AU
213,2023-08-05,UK
214,2023-07-30,CA
215,2023-08-28,UK
216,2023-01-28,UK
217,2023-02-20,AU
218,2023-02-01,AU
219,2023-07-26,US
220,2023-06-23,US
221,2023-02-25,CA
222,2023-05-08,US
223,2023-04-09,UK
224,2023-04-08,AU
225,2023-10-02,US
226,2023-08-18,US
227,2023-03-13,CA
228,2023-08-05,CA
229,2023-04-04,UK
230,2023-05-23,AU
231,2023-08-25,CA
232,2023-05-08,US
233,2023-02-08,AU
234,2023-08-15,AU
235,2023-10-09,US
236,2023-02-20,CA
237,2023-01-26,US
238,2023-10-04,AU
239,2023-01-08,DE
240,2023-02-17,DE
241,2023-05-02,UK
242,2023-03-27,US
243,2023-07-28,US
244,2023-09-06,UK
245,2023-09-04,UK
246,2023-04-20,UK
247,2023-07-25,AU
248,2023-01-31,US
249,2023-03-26,AU
250,2023-07-14,UK
251,2023-01-02,US
252,2023-07-19,AU
253,2023-05-16,AU
254,2023-08-21,UK
255,2023-05-27,US
256,2023-08-05,UK
257,2023-10-12,US
258,2023-09-07,DE
259,2023-03-21,CA
260,2023-04-08,CA
261,2023-06-01,CA
262,2023-04-22,UK
263,2023-01-30,DE
264,2023-10-24,US
265,2023-10-05,AU
266,2023-02-01,US
267,2023-06-10,AU
268,2023-01-30,US
269,2023-01-26,DE
270,2023-10-27,AU
271,2023-09-02,UK
272,2023-09-15,US
273,2023-09-29,US
274,2023-03-22,AU
275,2023-01-30,UK
276,2023-09-18,UK
277,2023-02-11,DE
278,2023-04-06,UK
279,2023-02-05,UK
280,2023-02-04,UK
281,2023-05-01,CA
282,2023-07-26,DE
283,2023-03-03,US
284,2023-10-19,AU
285,2023-05-07,US
286,2023-10-24,DE
287,2023-01-21,AU
288,2023-02-11,DE
289,2023-08-03,UK
290,2023-10-26,AU
291,2023-10-17,UK
292,2023-09-25,US
293,2023-06-11,US
294,2023-05-14,AU
295,2023-04-15,AU
296,2023-06-10,DE
297,2023-05-03,DE
298,2023-05-16,UK
299,2023-07-22,AU
300,2023-03-09,US
301,2023-06-03,DE
302,2023-08-23,DE
303,2023-06-11,US
304,2023-02-07,DE
305,2023-01-05,UK
306,2023-08-23,AU
307,2023-10-16,US
308,2023-02-21,AU
309,2023-02-07,DE
310,2023-10-03,DE
311,2023-04-20,US
312,2023-09-17,UK
313,2023-05-16,CA
314,2023-03-09,US
315,2023-06-28,CA
316,2023-02-05,CA
317,2023-05-06,UK
318,2023-07-09,CA
319,2023-05-26,CA
320,2023-03-22,UK
321,2023-08-13,CA
322,2023-10-06,CA
323,2023-06-04,CA
324,2023-09-28,US
325,2023-01-05,US
326,2023-10-11,US
327,2023-06-03,UK
328,2023-02-23,DE
329,2023-03-10,CA
330,2023-05-16,CA
331,2023-03-01,UK
332,2023-02-24,CA
333,2023-10-11,US
334,2023-03-21,DE
335,2023-05-20,AU
336,2023-05-25,CA
337,2023-04-18,US
338,2023-06-25,AU
339,2023-04-15,DE
340,2023-05-16,AU
341,2023-09-16,US
342,2023-09-08,AU
343,2023-05-09,UK
344,2023-01-27,AU
345,2023-02-17,CA
346,2023-08-05,CA
347,2023-05-22,UK
348,2023-01-23,US
349,2023-01-02,CA
350,2023-06-20,DE
351,2023-03-08,CA
352,2023-05-15,CA
353,2023-03-24,US
354,2023-08-15,AU
355,2023-10-10,CA
356,2023-08-07,UK
357,2023-10-15,AU
358,2023-01-05,DE
359,2023-02-27,US
360,2023-02-08,DE
361,2023-03-18,AU
362,2023-10-07,AU
363,2023-01-19,AU
364,2023-07-09,DE
365,2023-10-26,AU
366,2023-10-10,DE
367,2023-03-17,AU
368,2023-08-09,UK
369,2023-03-07,AU
370,2023-01-22,DE
371,2023-06-07,CA
372,2023-07-06,AU
373,2023-01-21,CA
374,2023-07-03,UK
375,2023-04-18,US
376,2023-05-08,UK
377,2023-02-22,AU
378,2023-07-01,CA
379,2023-10-14,CA
380,2023-07-28,DE
381,2023-03-21,CA
382,2023-05-02,DE
383,2023-03-25,US
384,2023-04-01,AU
385,2023-07-31,DE
386,2023-01-13,US
387,2023-04-02,CA
388,2023-06-20,CA
389,2023-07-30,US
390,2023-05-08,CA
391,2023-05-17,US
392,2023-03-23,DE
393,2023-02-25,DE
394,2023-07-15,US
395,2023-01-20,DE
396,2023-08-29,DE
397,2023-04-24,DE
398,2023-04-13,UK
399,2023-08-24,AU
400,2023-06-29,CA
401,2023-06-06,UK
402,2023-04-27,DE
403,2023-04-25,US
404,2023-01-13,DE
405,2023-04-09,AU
406,2023-07-24,DE
407,2023-06-18,US
408,2023-05-23,AU
409,2023-02-05,DE
410,2023-05-23,AU
411,2023-06-29,CA
412,2023-09-18,CA
413,2023-07-24,DE
414,2023-10-02,AU
415,2023-06-19,US
416,2023-01-15,DE
417,2023-03-01,CA
418,2023-05-14,CA
419,2023-04-02,DE
420,2023-10-25,AU
421,2023-05-16,CA
422,2023-01-20,AU
423,2023-02-25,CA
424,2023-08-11,CA
425,2023-06-26,UK
426,2023-06-10,CA
427,2023-08-12,US
428,2023-09-19,DE
429,2023-03-01,DE
430,2023-07-17,AU
431,2023-10-23,CA
432,2023-04-08,US
433,2023-05-11,AU
434,2023-01-23,UK
435,2023-08-12,AU
436,2023-01-01,AU
437,2023-09-24,CA
438,2023-10-03,UK
439,2023-04-11,AU
440,2023-07-06,US
441,2023-08-09,US
442,2023-02-05,DE
443,2023-06-19,UK
444,2023-06-10,UK
445,2023-03-05,DE
446,2023-06-03,AU
447,2023-09-17,UK
448,2023-06-08,US
449,2023-07-29,US
450,2023-06-17,CA
451,2023-07-26,UK
452,2023-06-01,AU
453,2023-10-11,DE
454,2023-03-07,DE
455,2023-04-09,AU
456,2023-08-04,CA
457,2023-07-14,DE
458,2023-03-31,UK
459,2023-10-19,CA
460,2023-06-04,UK
461,2023-07-27,US
462,2023-10-08,CA
463,2023-01-01,DE
464,2023-06-05,CA
465,2023-05-27,CA
466,2023-04-18,CA
467,2023-08-09,CA
468,2023-10-24,UK
469,2023-06-14,US
470,2023-08-27,AU
471,2023-08-15,CA
472,2023-08-15,DE
473,2023-04-20,CA
474,2023-09-19,DE
475,2023-08-31,UK
476,2023-03-28,DE
477,2023-02-13,AU
478,2023-05-26,US
479,2023-09-21,DE
480,2023-06-21,DE
481,2023-02-17,US
482,2023-05-01,AU
483,2023-06-08,CA
484,2023-04-26,DE
485,2023-04-12,US
486,2023-03-17,UK
487,2023-01-13,US
488,2023-01-24,UK
489,2023-05-06,AU
490,2023-09-01,CA
491,2023-02-07,US
492,2023-08-22,DE
493,2023-08-01,AU
494,2023-10-22,US
495,2023-04-10,DE
496,2023-07-16,US
497,2023-09-11,UK
498,2023-07-24,US
499,2023-05-05,US
500,2023-03-17,US
501,2023-01-03,AU
502,2023-02-24,US
503,2023-08-06,DE
504,2023-04-23,UK
505,2023-04-01,UK
506,2023-09-23,US
507,2023-08-26,AU
508,2023-01-26,AU
509,2023-10-13,DE
510,2023-05-08,US
511,2023-03-04,UK
512,2023-08-22,AU
513,2023-03-10,US
514,2023-08-26,AU
515,2023-09-29,AU
516,2023-10-14,UK
517,2023-06-12,CA
518,2023-08-15,DE
519,2023-09-16,DE
520,2023-08-07,UK
521,2023-10-08,AU
522,2023-08-17,US
523,2023-03-23,AU
524,2023-09-01,UK
525,2023-08-19,DE
526,2023-05-13,AU
527,2023-05-07,DE
528,2023-05-22,US
529,2023-09-24,DE
530,2023-09-06,DE
531,2023-05-03,CA
532,2023-05-21,CA
533,2023-08-14,CA
534,2023-02-09,DE
535,2023-05-27,UK
536,2023-05-01,DE
537,2023-05-20,UK
538,2023-06-21,UK
539,2023-06-13,CA
540,2023-10-04,AU
541,2023-02-11,US
542,2023-03-12,CA
543,2023-03-19,CA
544,2023-04-29,AU
545,2023-07-16,US
546,2023-03-20,DE
547,2023-04-20,DE
548,2023-02-02,CA
549,2023-08-01,US
550,2023-07-28,CA
551,2023-06-19,UK
552,2023-10-05,CA
553,2023-08-27,CA
554,2023-08-01,DE
555,2023-02-01,DE
556,2023-04-16,DE
557,2023-08-04,UK
558,2023-07-19,DE
559,2023-10-27,US
560,2023-01-11,AU
561,2023-10-22,US
562,2023-07-14,US
563,2023-09-02,DE
564,2023-01-04,AU
565,2023-06-30,AU
566,2023-06-02,AU
567,2023-07-19,UK
568,2023-08-03,DE
569,2023-10-03,AU
570,2023-10-07,UK
571,2023-04-23,CA
572,2023-09-07,CA
573,2023-04-23,UK
574,2023-05-20,UK
575,2023-08-12,DE
576,2023-09-06,DE
577,2023-01-15,CA
578,2023-07-19,AU
579,2023-06-22,CA
580,2023-07-27,AU
581,2023-03-26,AU
582,2023-08-28,DE
583,2023-03-07,US
584,2023-10-01,US
585,2023-01-14,UK
586,2023-07-21,DE
587,2023-10-16,AU
588,2023-01-14,US
589,2023-02-12,AU
590,2023-08-08,US
591,2023-03-11,US
592,2023-08-25,US
593,2023-04-04,DE
594,2023-01-26,CA
595,2023-05-14,AU
596,2023-07-14,DE
597,2023-06-17,DE
598,2023-04-19,DE
599,2023-08-21,DE
600,2023-06-17,DE
601,2023-06-22,UK
602,2023-07-14,AU
603,2023-05-23,DE
604,2023-08-04,AU
605,2023-05-10,UK
606,2023-02-11,UK
607,2023-08-29,AU
608,2023-01-10,US
609,2023-10-04,CA
610,2023-01-27,US
611,2023-06-29,US
612,2023-04-25,US
613,2023-02-05,DE
614,2023-01-21,UK
615,2023-01-16,US
616,2023-05-07,UK
617,2023-04-13,AU
618,2023-01-11,CA
619,2023-03-20,AU
620,2023-05-03,AU
621,2023-03-06,DE
622,2023-08-31,CA
623,2023-02-28,AU
624,2023-10-16,AU
625,2023-04-22,CA
626,2023-08-27,CA
627,2023-05-12,AU
628,2023-07-08,CA
629,2023-03-27,AU
630,2023-02-28,AU
631,2023-03-25,DE
632,2023-06-09,US
633,2023-02-25,AU
634,2023-10-24,UK
635,2023-01-14,US
636,2023-06-09,US
637,2023-10-22,US
638,2023-07-12,DE
639,2023-07-23,AU
640,2023-04-12,DE
641,2023-02-08,AU
642,2023-05-05,DE
643,2023-02-22,DE
644,2023-06-04,UK
645,2023-03-03,DE
646,2023-10-17,CA
647,2023-01-22,UK
648,2023-06-27,DE
649,2023-09-30,US
650,2023-08-08,CA
651,2023-07-09,CA
652,2023-02-05,CA
653,2023-09-17,UK
654,2023-06-24,DE
655,2023-01-07,DE
656,2023-08-04,US
657,2023-09-08,US
658,2023-02-24,CA
659,2023-08-10,US
660,2023-07-05,UK
661,2023-08-24,DE
662,2023-03-20,CA
663,2023-08-11,US
664,2023-04-01,UK
665,2023-09-25,UK
666,2023-05-19,US
667,2023-10-03,DE
668,2023-09-05,US
669,2023-08-27,CA
670,2023-08-12,US
671,2023-05-18,UK
672,2023-06-15,US
673,2023-05-06,DE
674,2023-02-14,AU
675,2023-05-23,US
676,2023-08-19,DE
677,2023-05-05,DE
678,2023-08-26,UK
679,2023-10-19,DE
680,2023-07-14,DE
681,2023-06-22,DE
682,2023-01-15,DE
683,2023-09-11,CA
684,2023-06-16,CA
685,2023-04-04,UK
686,2023-09-07,US
687,2023-04-19,DE
688,2023-07-01,US
689,2023-05-13,US
690,2023-06-24,UK
691,2023-05-24,DE
692,2023-05-22,DE
693,2023-10-12,AU
694,2023-01-06,US
695,2023-09-22,US
696,2023-04-08,CA
697,2023-02-13,AU
698,2023-05-04,CA
699,2023-07-28,CA
700,2023-09-08,CA
701,2023-10-12,UK
702,2023-05-04,UK
703,2023-09-01,CA
704,2023-09-09,AU
705,2023-08-18,US
706,2023-01-09,AU
707,2023-02-17,DE
708,2023-05-31,UK
709,2023-04-24,US
710,2023-07-27,US
711,2023-05-05,DE
712,2023-06-06,DE
713,2023-10-25,CA
714,2023-07-08,UK
715,2023-08-31,UK
716,2023-10-11,AU
717,2023-09-29,CA
718,2023-06-26,CA
719,2023-08-06,CA
720,2023-10-09,CA
721,2023-06-19,UK
722,2023-06-30,UK
723,2023-08-21,CA
724,2023-05-19,AU
725,2023-06-06,US
726,2023-05-09,US
727,2023-04-29,AU
728,2023-03-03,CA
729,2023-04-09,UK
730,2023-06-11,US
731,2023-03-03,DE
732,2023-10-02,DE
733,2023-04-05,AU
734,2023-04-09,CA
735,2023-04-21,US
736,2023-09-05,CA
737,2023-05-22,US
738,2023-09-26,AU
739,2023-05-25,AU
740,2023-02-21,DE
741,2023-04-10,CA
742,2023-06-01,DE
743,2023-04-27,CA
744,2023-07-04,DE
745,2023-04-02,UK
746,2023-06-04,UK
747,2023-01-08,UK
748,2023-10-01,UK
749,2023-03-06,US
750,2023-05-21,UK
751,2023-01-24,AU
752,2023-01-28,AU
753,2023-10-11,US
754,2023-05-30,UK
755,2023-03-06,UK
756,2023-09-09,UK
757,2023-02-22,DE
758,2023-01-07,CA
759,2023-10-21,DE
760,2023-05-26,CA
761,2023-08-29,UK
762,2023-09-03,UK
763,2023-08-14,DE
764,2023-06-24,DE
765,2023-04-05,CA
766,2023-01-27,AU
767,2023-05-10,CA
768,2023-09-02,DE
769,2023-02-28,DE
770,2023-02-03,US
771,2023-07-25,DE
772,2023-09-09,US
773,2023-02-07,AU
774,2023-10-23,CA
775,2023-01-28,CA
776,2023-03-19,US
777,2023-03-18,CA
778,2023-10-16,DE
779,2023-06-05,UK
780,2023-02-13,US
781,2023-05-08,CA
782,2023-03-02,US
783,2023-10-13,US
784,2023-08-02,UK
785,2023-04-26,DE
786,2023-09-25,US
787,2023-07-14,CA
788,2023-08-19,AU
789,2023-08-15,US
790,2023-06-02,US
791,2023-08-08,UK
792,2023-06-06,DE
793,2023-10-19,AU
794,2023-01-31,CA
795,2023-02-20,AU
796,2023-04-17,CA
797,2023-04-19,DE
798,2023-05-16,CA
799,2023-02-11,UK
800,2023-03-22,UK
801,2023-05-03,UK
802,2023-03-30,UK
803,2023-10-10,AU
804,2023-02-08,DE
805,2023-03-22,CA
806,2023-01-02,CA
807,2023-07-29,UK
808,2023-08-19,UK
809,2023-08-29,US
810,2023-05-30,DE
811,2023-01-17,AU
812,2023-04-29,CA
813,2023-05-28,US
814,2023-05-25,US
815,2023-08-21,CA
816,2023-02-06,AU
817,2023-04-30,US
818,2023-05-16,US
819,2023-04-12,DE
820,2023-08-06,AU
821,2023-02-28,US
822,2023-10-06,AU
823,2023-04-26,CA
824,2023-03-18,UK
825,2023-05-17,US
826,2023-03-14,DE
827,2023-02-06,CA
828,2023-01-31,AU
829,2023-03-26,CA
830,2023-06-07,US
831,2023-10-19,AU
832,2023-05-28,UK
833,2023-08-13,CA
834,2023-03-05,US
835,2023-08-28,DE
836,2023-06-05,AU
837,2023-07-26,CA
838,2023-05-20,CA
839,2023-09-14,UK
840,2023-10-04,UK
841,2023-09-10,DE
842,2023-08-13,DE
843,2023-02-11,US
844,2023-01-21,US
845,2023-08-10,DE
846,2023-06-15,DE
847,2023-05-09,AU
848,2023-01-14,UK
849,2023-02-16,US
850,2023-04-28,UK
851,2023-10-22,UK
852,2023-10-28,DE
853,2023-01-11,AU
854,2023-05-18,CA
855,2023-10-23,AU
856,2023-01-21,AU
857,2023-03-31,UK
858,2023-08-29,AU
859,2023-09-23,US
860,2023-08-15,UK
861,2023-05-23,US
862,2023-04-03,CA
863,2023-10-27,UK
864,2023-08-12,CA
865,2023-09-09,UK
866,2023-02-16,DE
867,2023-08-29,AU
868,2023-06-28,DE
869,2023-07-29,CA
870,2023-06-20,AU
871,2023-06-14,UK
872,2023-02-23,AU
873,2023-03-24,US
874,2023-06-18,AU
875,2023-07-30,US
876,2023-09-11,AU
877,2023-05-28,US
878,2023-07-25,CA
879,2023-10-09,DE
880,2023-01-19,UK
881,2023-08-21,AU
882,2023-02-15,DE
883,2023-06-11,UK
884,2023-05-10,UK
885,2023-06-15,US
886,2023-03-01,CA
887,2023-07-26,CA
888,2023-09-21,DE
889,2023-01-01,CA
890,2023-10-05,AU
891,2023-08-25,CA
892,2023-07-31,DE
893,2023-01-28,CA
894,2023-04-07,AU
895,2023-09-23,US
896,2023-07-05,DE
897,2023-09-13,US
898,2023-08-15,US
899,2023-01-27,US
900,2023-04-15,UK
901,2023-05-17,UK
902,2023-10-09,US
903,2023-03-09,DE
904,2023-05-28,AU
905,2023-08-13,AU
906,2023-09-06,CA
907,2023-03-04,DE
908,2023-01-15,UK
909,2023-05-03,US
910,2023-03-23,CA
911,2023-06-09,AU
912,2023-10-10,UK
913,2023-01-08,UK
914,2023-10-10,US
915,2023-07-28,AU
916,2023-02-17,DE
917,2023-04-26,UK
918,2023-02-28,US
919,2023-08-25,DE
920,2023-03-02,AU
921,2023-03-20,UK
922,2023-09-13,DE
923,2023-05-30,DE
924,2023-09-18,DE
925,2023-05-20,UK
926,2023-08-01,UK
927,2023-09-05,CA
928,2023-08-30,AU
929,2023-05-05,US
930,2023-08-22,DE
931,2023-10-10,CA
932,2023-03-16,US
933,2023-07-16,CA
934,2023-04-08,UK
935,2023-09-18,DE
936,2023-03-11,US
937,2023-02-05,US
938,2023-05-22,US
939,2023-08-01,US
940,2023-06-24,US
941,2023-09-17,CA
942,2023-05-17,DE
943,2023-01-02,UK
944,2023-05-25,UK
945,2023-06-02,UK
946,2023-10-28,UK
947,2023-10-24,CA
948,2023-09-08,AU
949,2023-03-18,DE
950,2023-08-17,US
951,2023-10-03,AU
952,2023-09-05,UK
953,2023-06-26,AU
954,2023-06-20,DE
955,2023-10-10,US
956,2023-10-06,US
957,2023-07-13,DE
958,2023-08-22,DE
959,2023-06-14,UK
960,2023-04-07,US
961,2023-05-03,AU
962,2023-10-20,CA
963,2023-07-16,CA
964,2023-04-30,DE
965,2023-07-30,UK
966,2023-01-23,CA
967,2023-06-12,US
968,2023-08-31,DE
969,2023-07-15,AU
970,2023-07-17,DE
971,2023-03-19,AU
972,2023-09-11,DE
973,2023-01-19,DE
974,2023-03-06,DE
975,2023-09-15,AU
976,2023-06-19,AU
977,2023-02-21,DE
978,2023-08-14,CA
979,2023-02-21,UK
980,2023-09-27,UK
981,2023-08-22,UK
982,2023-01-08,AU
983,2023-03-15,AU
984,2023-07-29,CA
985,2023-03-21,UK
986,2023-02-08,UK
987,2023-08-29,DE
988,2023-05-16,AU
989,2023-06-23,UK
990,2023-07-23,CA
991,2023-02-11,CA
992,2023-06-18,UK
993,2023-10-01,AU
994,2023-07-14,CA
995,2023-06-12,DE
996,2023-09-07,CA
997,2023-10-05,US
998,2023-01-19,US
999,2023-02-05,AU
1000,2023-05-01,UK
